insert_name,beats_per_minute,kV,mAs,gt_mass,vf_mass,agatston_mass
A,0bpm,80.0,10.0,1.1875220230569419,-9.766099981944024,-8.467857345189119
A,0bpm,80.0,15.0,1.1875220230569419,23.151757109170493,-0.0
A,0bpm,80.0,20.0,1.1875220230569419,13.747050859570686,-0.0
A,0bpm,80.0,25.0,1.1875220230569419,2.5120302077660326,0.0
A,0bpm,80.0,30.0,1.1875220230569419,-0.5131013229373266,-0.0
