insert_name,beats_per_minute,mAs,gt_mass,vf_mass,agatston_mass
F,0bpm,50.0,41.233403578366044,46.605058846042795,30.044703791640078
F,0bpm,100.0,41.233403578366044,37.36642184226843,21.068720023871062
F,0bpm,150.0,41.233403578366044,37.54002727867754,22.419194549323713
F,0bpm,200.0,41.233403578366044,37.28853542461711,20.703429875249537
F,0bpm,250.0,41.233403578366044,37.644602260938846,23.61818781856407
F,0bpm,300.0,41.233403578366044,37.04229533742889,21.619261073055537
F,0bpm,350.0,41.233403578366044,37.35395351524278,20.548959852392436
F,0bpm,400.0,41.233403578366044,37.52911319222084,20.64216823836208
